"file","n_shared_species","axes","obs","p_value","set"
"imputed_boot_001.rds",1218,"PC1-PC4",0.0574579200090853,0.1041,"oob_1x"
"imputed_boot_002.rds",1218,"PC1-PC4",0.058692357492118,0.0816,"oob_1x"
"imputed_boot_003.rds",1218,"PC1-PC4",0.0590568353048882,0.076,"oob_1x"
"imputed_boot_004.rds",1218,"PC1-PC4",0.0565877126449298,0.1231,"oob_1x"
"imputed_boot_005.rds",1218,"PC1-PC4",0.0580193533720696,0.0955,"oob_1x"
"imputed_boot_006.rds",1218,"PC1-PC4",0.0568832760004533,0.1152,"oob_1x"
"imputed_boot_007.rds",1218,"PC1-PC4",0.0565276729132708,0.1243,"oob_1x"
"imputed_boot_008.rds",1218,"PC1-PC4",0.0579034424893008,0.0962,"oob_1x"
"imputed_boot_009.rds",1218,"PC1-PC4",0.0589133074903608,0.0781,"oob_1x"
"imputed_boot_010.rds",1218,"PC1-PC4",0.056850911170457,0.1162,"oob_1x"
"imputed_boot_011.rds",1218,"PC1-PC4",0.0582590378531524,0.0903,"oob_1x"
"imputed_boot_012.rds",1218,"PC1-PC4",0.0571812315542199,0.1104,"oob_1x"
"imputed_boot_013.rds",1218,"PC1-PC4",0.0572760564246299,0.1095,"oob_1x"
"imputed_boot_014.rds",1218,"PC1-PC4",0.0579977843420005,0.0939,"oob_1x"
"imputed_boot_015.rds",1218,"PC1-PC4",0.0573549674826717,0.1061,"oob_1x"
"imputed_boot_016.rds",1218,"PC1-PC4",0.0555828032605364,0.145,"oob_1x"
"imputed_boot_017.rds",1218,"PC1-PC4",0.0588475955811456,0.0796,"oob_1x"
"imputed_boot_018.rds",1218,"PC1-PC4",0.0588544454318451,0.0815,"oob_1x"
"imputed_boot_019.rds",1218,"PC1-PC4",0.0572081615762262,0.1094,"oob_1x"
"imputed_boot_020.rds",1218,"PC1-PC4",0.0588107562929761,0.0798,"oob_1x"
"imputed_boot_021.rds",1218,"PC1-PC4",0.0578000812175462,0.0992,"oob_1x"
"imputed_boot_022.rds",1218,"PC1-PC4",0.0571996120570009,0.1099,"oob_1x"
"imputed_boot_023.rds",1218,"PC1-PC4",0.0579123451170253,0.0951,"oob_1x"
"imputed_boot_024.rds",1218,"PC1-PC4",0.0582803921914667,0.0896,"oob_1x"
"imputed_boot_025.rds",1218,"PC1-PC4",0.0575699154936994,0.1038,"oob_1x"
"imputed_boot_026.rds",1218,"PC1-PC4",0.0567400635994855,0.1207,"oob_1x"
"imputed_boot_027.rds",1218,"PC1-PC4",0.0580602212225507,0.0935,"oob_1x"
"imputed_boot_028.rds",1218,"PC1-PC4",0.0577489286469348,0.1001,"oob_1x"
"imputed_boot_029.rds",1218,"PC1-PC4",0.0562377303960874,0.1301,"oob_1x"
"imputed_boot_030.rds",1218,"PC1-PC4",0.0582400474784631,0.0909,"oob_1x"
"imputed_boot_031.rds",1218,"PC1-PC4",0.0580849053775741,0.0921,"oob_1x"
"imputed_boot_032.rds",1218,"PC1-PC4",0.0580180308956656,0.096,"oob_1x"
"imputed_boot_033.rds",1218,"PC1-PC4",0.0579319055965197,0.096,"oob_1x"
"imputed_boot_034.rds",1218,"PC1-PC4",0.0582465169237703,0.089,"oob_1x"
"imputed_boot_035.rds",1218,"PC1-PC4",0.0592280104508809,0.0755,"oob_1x"
"imputed_boot_036.rds",1218,"PC1-PC4",0.0572795344275309,0.1081,"oob_1x"
"imputed_boot_037.rds",1218,"PC1-PC4",0.0569424874371929,0.116,"oob_1x"
"imputed_boot_038.rds",1218,"PC1-PC4",0.0573148965232634,0.1081,"oob_1x"
"imputed_boot_039.rds",1218,"PC1-PC4",0.0584111187457365,0.0873,"oob_1x"
"imputed_boot_040.rds",1218,"PC1-PC4",0.0572689254183216,0.109,"oob_1x"
"imputed_boot_041.rds",1218,"PC1-PC4",0.0585296744419475,0.086,"oob_1x"
"imputed_boot_042.rds",1218,"PC1-PC4",0.0575889529009764,0.102,"oob_1x"
"imputed_boot_043.rds",1218,"PC1-PC4",0.0574921955592791,0.1038,"oob_1x"
"imputed_boot_044.rds",1218,"PC1-PC4",0.0557514046091594,0.1402,"oob_1x"
"imputed_boot_045.rds",1218,"PC1-PC4",0.05687411577324,0.1175,"oob_1x"
"imputed_boot_046.rds",1218,"PC1-PC4",0.0569007934946848,0.1159,"oob_1x"
"imputed_boot_047.rds",1218,"PC1-PC4",0.0567061871419433,0.1208,"oob_1x"
"imputed_boot_048.rds",1218,"PC1-PC4",0.0572929754862408,0.1081,"oob_1x"
"imputed_boot_049.rds",1218,"PC1-PC4",0.0566423806667858,0.1226,"oob_1x"
"imputed_boot_050.rds",1218,"PC1-PC4",0.0578399623597708,0.0978,"oob_1x"
"imputed_boot_001.rds",1218,"PC1-PC4",0.0584772459620325,0.0858,"oob_2x"
"imputed_boot_002.rds",1218,"PC1-PC4",0.0604835381116868,0.0585,"oob_2x"
"imputed_boot_003.rds",1218,"PC1-PC4",0.060856372146657,0.0547,"oob_2x"
"imputed_boot_004.rds",1218,"PC1-PC4",0.0559577584715976,0.1336,"oob_2x"
"imputed_boot_005.rds",1218,"PC1-PC4",0.0590569071066341,0.0779,"oob_2x"
"imputed_boot_006.rds",1218,"PC1-PC4",0.0565846114448978,0.1228,"oob_2x"
"imputed_boot_007.rds",1218,"PC1-PC4",0.055852999674151,0.1376,"oob_2x"
"imputed_boot_008.rds",1218,"PC1-PC4",0.0586989430628514,0.0833,"oob_2x"
"imputed_boot_009.rds",1218,"PC1-PC4",0.0605884360285123,0.058,"oob_2x"
"imputed_boot_010.rds",1218,"PC1-PC4",0.0566566462941238,0.1215,"oob_2x"
"imputed_boot_011.rds",1218,"PC1-PC4",0.0592547673412055,0.0757,"oob_2x"
"imputed_boot_012.rds",1218,"PC1-PC4",0.0571265009580401,0.1107,"oob_2x"
"imputed_boot_013.rds",1218,"PC1-PC4",0.0573148819039599,0.1087,"oob_2x"
"imputed_boot_014.rds",1218,"PC1-PC4",0.0588743288835094,0.0785,"oob_2x"
"imputed_boot_015.rds",1218,"PC1-PC4",0.057459871043758,0.1056,"oob_2x"
"imputed_boot_016.rds",1218,"PC1-PC4",0.054603461675796,0.1677,"oob_2x"
"imputed_boot_017.rds",1218,"PC1-PC4",0.0605947609093825,0.0564,"oob_2x"
"imputed_boot_018.rds",1218,"PC1-PC4",0.0604288099171583,0.0594,"oob_2x"
"imputed_boot_019.rds",1218,"PC1-PC4",0.0571994168659013,0.1102,"oob_2x"
"imputed_boot_020.rds",1218,"PC1-PC4",0.0603819294834286,0.0591,"oob_2x"
"imputed_boot_021.rds",1218,"PC1-PC4",0.0586139102952362,0.0852,"oob_2x"
"imputed_boot_022.rds",1218,"PC1-PC4",0.0572929097990354,0.1071,"oob_2x"
"imputed_boot_023.rds",1218,"PC1-PC4",0.058585073847007,0.0846,"oob_2x"
"imputed_boot_024.rds",1218,"PC1-PC4",0.0594315654889888,0.0717,"oob_2x"
"imputed_boot_025.rds",1218,"PC1-PC4",0.0578940908254066,0.0976,"oob_2x"
"imputed_boot_026.rds",1218,"PC1-PC4",0.0562767757040439,0.1327,"oob_2x"
"imputed_boot_027.rds",1218,"PC1-PC4",0.0597357248367596,0.0691,"oob_2x"
"imputed_boot_028.rds",1218,"PC1-PC4",0.0582866653384535,0.0891,"oob_2x"
"imputed_boot_029.rds",1218,"PC1-PC4",0.0554086230977118,0.1482,"oob_2x"
"imputed_boot_030.rds",1218,"PC1-PC4",0.0598073935631939,0.0677,"oob_2x"
"imputed_boot_031.rds",1218,"PC1-PC4",0.0589599507301224,0.0787,"oob_2x"
"imputed_boot_032.rds",1218,"PC1-PC4",0.05876502780899,0.0828,"oob_2x"
"imputed_boot_033.rds",1218,"PC1-PC4",0.0587511877033505,0.0818,"oob_2x"
"imputed_boot_034.rds",1218,"PC1-PC4",0.0592028804894384,0.0737,"oob_2x"
"imputed_boot_035.rds",1218,"PC1-PC4",0.0613086640343255,0.0498,"oob_2x"
"imputed_boot_036.rds",1218,"PC1-PC4",0.0578012763264941,0.0981,"oob_2x"
"imputed_boot_037.rds",1218,"PC1-PC4",0.0567860724197277,0.119,"oob_2x"
"imputed_boot_038.rds",1218,"PC1-PC4",0.057569744700925,0.1025,"oob_2x"
"imputed_boot_039.rds",1218,"PC1-PC4",0.0597831244863348,0.0697,"oob_2x"
"imputed_boot_040.rds",1218,"PC1-PC4",0.0574947352717227,0.1047,"oob_2x"
"imputed_boot_041.rds",1218,"PC1-PC4",0.0598103313326767,0.0661,"oob_2x"
"imputed_boot_042.rds",1218,"PC1-PC4",0.058026284187595,0.0946,"oob_2x"
"imputed_boot_043.rds",1218,"PC1-PC4",0.0578000935872122,0.0967,"oob_2x"
"imputed_boot_044.rds",1218,"PC1-PC4",0.0542439858143971,0.1772,"oob_2x"
"imputed_boot_045.rds",1218,"PC1-PC4",0.0564642834463787,0.125,"oob_2x"
"imputed_boot_046.rds",1218,"PC1-PC4",0.0565976755446366,0.1226,"oob_2x"
"imputed_boot_047.rds",1218,"PC1-PC4",0.0563932357344527,0.1259,"oob_2x"
"imputed_boot_048.rds",1218,"PC1-PC4",0.0573604011950266,0.1069,"oob_2x"
"imputed_boot_049.rds",1218,"PC1-PC4",0.056192889118977,0.1307,"oob_2x"
"imputed_boot_050.rds",1218,"PC1-PC4",0.0588429708653287,0.0813,"oob_2x"
